{"cameraMode":{"drawMode":0,"name":"Shaded","section":"Shading Mode"},"sceneLighting":false,"audioPlay":false,"sceneViewState":{"showFog":true,"showMaterialUpdate":true,"showSkybox":true,"showFlares":true,"showImageEffects":true,"showParticleSystems":true},"in2DMode":false,"pivot":{"x":7.2781901359558109,"y":23.042604446411134,"z":-19.06423568725586},"rotation":{"x":-0.3567851185798645,"y":0.07338716089725495,"z":-0.03544346243143082,"w":-0.9316215515136719},"size":0.8616852164268494,"orthographic":false}