{"cameraMode":{"drawMode":0,"name":"Shaded","section":"Shading Mode"},"sceneLighting":false,"audioPlay":false,"sceneViewState":{"showFog":true,"showMaterialUpdate":true,"showSkybox":false,"showFlares":true,"showImageEffects":true,"showParticleSystems":true},"in2DMode":false,"pivot":{"x":-0.14929865300655366,"y":0.32112908363342287,"z":0.0},"rotation":{"x":-0.10081981122493744,"y":0.6246519684791565,"z":-0.08524072915315628,"w":-0.7704063057899475},"size":0.40854963660240176,"orthographic":false}