{"cameraMode":{"drawMode":0,"name":"Shaded","section":"Shading Mode"},"sceneLighting":false,"audioPlay":false,"sceneViewState":{"showFog":true,"showMaterialUpdate":true,"showSkybox":false,"showFlares":true,"showImageEffects":true,"showParticleSystems":true},"in2DMode":false,"pivot":{"x":0.34589841961860659,"y":0.5615713596343994,"z":0.1184367910027504},"rotation":{"x":0.030484922230243684,"y":-0.9295108318328857,"z":0.3598173260688782,"w":0.07981318235397339},"size":1.2176899909973145,"orthographic":false}