{"cameraMode":{"drawMode":0,"name":"Shaded","section":"Shading Mode"},"sceneLighting":false,"audioPlay":false,"sceneViewState":{"showFog":true,"showMaterialUpdate":true,"showSkybox":false,"showFlares":true,"showImageEffects":true,"showParticleSystems":true},"in2DMode":false,"pivot":{"x":0.015699395909905435,"y":0.21776792407035829,"z":-0.35278958082199099},"rotation":{"x":0.002844100585207343,"y":0.9983696341514587,"z":-0.06629619002342224,"w":0.00015144894132390618},"size":0.29618433117866518,"orthographic":false}