{"cameraMode":{"drawMode":0,"name":"Shaded","section":"Shading Mode"},"sceneLighting":false,"audioPlay":false,"sceneViewState":{"showFog":true,"showMaterialUpdate":false,"showSkybox":true,"showFlares":true,"showImageEffects":true,"showParticleSystems":true},"in2DMode":false,"pivot":{"x":0.06601281464099884,"y":1.6147769689559937,"z":0.24329793453216554},"rotation":{"x":-0.03115314245223999,"y":0.9684278964996338,"z":-0.16464465856552125,"w":-0.1863328069448471},"size":0.26208898425102236,"orthographic":false}